topic,app,applicationCategory,latency,systemBandwidth,commChannelLossAN,commChannelLossRT,commChannelLossTS,commChannelLossVS,brokerCapacity,priority,priorityID,processingRate,publishFrequency,messageSize,scenario_case
amazonecho,app14,TS,0.4766289550938926,650,0.0,0,0,0.01,100,0,dropVS1,1000,1,105869.28,40
amazonecho,app21,RT,0.4889915924563053,650,0.0,0,0,0.01,100,0,dropVS1,1000,1,105869.28,40
amazonecho,app3,AN,0.4992937902583329,650,0.0,0,0,0.01,100,0,dropVS1,1000,1,105869.28,40
bms,app12,TS,0.477336446801928,650,0.0,0,0,0.01,100,0,dropVS1,1000,1,16091324.56,40
bms,app1,AN,0.4801852447289053,650,0.0,0,0,0.01,100,0,dropVS1,1000,1,16091324.56,40
bms,app21,RT,0.4808163286808512,650,0.0,0,0,0.01,100,0,dropVS1,1000,1,16091324.56,40
bms,app2,AN,0.4800585404002247,650,0.0,0,0,0.01,100,0,dropVS1,1000,1,16091324.56,40
energymanagement,app1,AN,0.4787223995885717,650,0.0,0,0,0.01,100,0,dropVS1,1000,1,3324693.6,40
energymanagement,app24,RT,0.4838795718476228,650,0.0,0,0,0.01,100,0,dropVS1,1000,1,3324693.6,40
energymanagement,app2,AN,0.4790035107209462,650,0.0,0,0,0.01,100,0,dropVS1,1000,1,3324693.6,40
energymanagement,app3,AN,0.480220770179421,650,0.0,0,0,0.01,100,0,dropVS1,1000,1,3324693.6,40
firedetection,app1,AN,0.4925212157327009,650,0.0,0,0,0.01,100,0,dropVS1,1000,1,191693.0,40
firedetection,app22,RT,0.4764116708274741,650,0.0,0,0,0.01,100,0,dropVS1,1000,1,191693.0,40
firedetection,app23,RT,0.4824527501668877,650,0.0,0,0,0.01,100,0,dropVS1,1000,1,191693.0,40
firedetection,app25,RT,0.4824527501668639,650,0.0,0,0,0.01,100,0,dropVS1,1000,1,191693.0,40
intrusiondetection,app21,RT,0.5193100578004639,650,0.0,0,0,0.01,100,0,dropVS1,1000,1,47583046.2,40
intrusiondetection,app2,AN,0.5183410268314474,650,0.0,0,0,0.01,100,0,dropVS1,1000,1,47583046.2,40
intrusiondetection,app36,VS,0.5194549722704053,650,0.0,0,0,0.01,100,0,dropVS1,1000,1,47583046.2,40
intrusiondetection,app40,VS,0.5193356099219697,650,0.0,0,0,0.01,100,0,dropVS1,1000,1,47583046.2,40
intrusiondetection,app41,VS,0.5141304454116178,650,0.0,0,0,0.01,100,0,dropVS1,1000,1,47583046.2,40
occupancymanagement,app12,TS,0.4842706063846795,650,0.0,0,0,0.01,100,0,dropVS1,1000,1,280313.84,40
occupancymanagement,app21,RT,0.4793172264313208,650,0.0,0,0,0.01,100,0,dropVS1,1000,1,280313.84,40
occupancymanagement,app36,VS,0.4817305082476482,650,0.0,0,0,0.01,100,0,dropVS1,1000,1,280313.84,40
occupancymanagement,app37,VS,0.4887918288603984,650,0.0,0,0,0.01,100,0,dropVS1,1000,1,280313.84,40
printing,app11,TS,0.5104640068482909,650,0.0,0,0,0.01,100,0,dropVS1,1000,1,624394.2,40
printing,app12,TS,0.512949616476685,650,0.0,0,0,0.01,100,0,dropVS1,1000,1,624394.2,40
printing,app13,TS,0.514388653630041,650,0.0,0,0,0.01,100,0,dropVS1,1000,1,624394.2,40
printing,app2,AN,0.5194906944463147,650,0.0,0,0,0.01,100,0,dropVS1,1000,1,624394.2,40
printing,app4,AN,0.5120338655609182,650,0.0,0,0,0.01,100,0,dropVS1,1000,1,624394.2,40
smartthings,app11,TS,0.5333696492722058,650,0.0,0,0,0.01,100,0,dropVS1,1000,1,205264.41,40
smartthings,app14,TS,0.5151608049766622,650,0.0,0,0,0.01,100,0,dropVS1,1000,1,205264.41,40
smartthings,app1,AN,0.5114447143039054,650,0.0,0,0,0.01,100,0,dropVS1,1000,1,205264.41,40
smartthings,app21,RT,0.5069854054969539,650,0.0,0,0,0.01,100,0,dropVS1,1000,1,205264.41,40
smartthings,app3,AN,0.5329980402049339,650,0.0,0,0,0.01,100,0,dropVS1,1000,1,205264.41,40
videosurveillance,app26,RT,0.5592241282856589,650,0.0,0,0,0.01,100,0,dropVS1,1000,1,14310092.37,40
videosurveillance,app2,AN,0.5557828535759944,650,0.0,0,0,0.01,100,0,dropVS1,1000,1,14310092.37,40
videosurveillance,app36,VS,0.5556163220358988,650,0.0,0,0,0.01,100,0,dropVS1,1000,1,14310092.37,40
videosurveillance,app37,VS,0.556101132603297,650,0.0,0,0,0.01,100,0,dropVS1,1000,1,14310092.37,40
videosurveillance,app38,VS,0.5556509502818722,650,0.0,0,0,0.01,100,0,dropVS1,1000,1,14310092.37,40
videosurveillance,app4,AN,0.5557369754158736,650,0.0,0,0,0.01,100,0,dropVS1,1000,1,14310092.37,40
amazonecho,app14,TS,0.4633610496393048,650,0.0,0,0,0.0,100,2,prioRTVSTSAN,1000,1,105869.28,40
amazonecho,app21,RT,0.1269062001439848,650,0.0,0,0,0.0,100,0,prioRTVSTSAN,1000,1,105869.28,40
amazonecho,app3,AN,0.9516553640158112,650,0.0,0,0,0.0,100,3,prioRTVSTSAN,1000,1,105869.28,40
bms,app12,TS,0.4188113322536118,650,0.0,0,0,0.0,100,2,prioRTVSTSAN,1000,1,16091324.56,40
bms,app1,AN,0.8980981912234534,650,0.0,0,0,0.0,100,3,prioRTVSTSAN,1000,1,16091324.56,40
bms,app21,RT,0.1293098495727608,650,0.0,0,0,0.0,100,0,prioRTVSTSAN,1000,1,16091324.56,40
bms,app2,AN,0.8943207186959876,650,0.0,0,0,0.0,100,3,prioRTVSTSAN,1000,1,16091324.56,40
energymanagement,app1,AN,0.850976376347566,650,0.0,0,0,0.0,100,3,prioRTVSTSAN,1000,1,3324693.6,40
energymanagement,app24,RT,0.1287293158545809,650,0.0,0,0,0.0,100,0,prioRTVSTSAN,1000,1,3324693.6,40
energymanagement,app2,AN,0.847890207001941,650,0.0,0,0,0.0,100,3,prioRTVSTSAN,1000,1,3324693.6,40
energymanagement,app3,AN,0.8409432892710623,650,0.0,0,0,0.0,100,3,prioRTVSTSAN,1000,1,3324693.6,40
firedetection,app1,AN,0.9419576570805732,650,0.0,0,0,0.0,100,3,prioRTVSTSAN,1000,1,191693.0,40
firedetection,app22,RT,0.191131795832179,650,0.0,0,0,0.0,100,0,prioRTVSTSAN,1000,1,191693.0,40
firedetection,app23,RT,0.1991544480265037,650,0.0,0,0,0.0,100,0,prioRTVSTSAN,1000,1,191693.0,40
firedetection,app25,RT,0.1916037165494192,650,0.0,0,0,0.0,100,0,prioRTVSTSAN,1000,1,191693.0,40
intrusiondetection,app21,RT,0.1313066945002081,650,0.0,0,0,0.0,100,0,prioRTVSTSAN,1000,1,47583046.2,40
intrusiondetection,app2,AN,1.0505668505977206,650,0.0,0,0,0.0,100,3,prioRTVSTSAN,1000,1,47583046.2,40
intrusiondetection,app36,VS,0.3784613172306192,650,0.0,0,0,0.0,100,1,prioRTVSTSAN,1000,1,47583046.2,40
intrusiondetection,app40,VS,0.3803429266423791,650,0.0,0,0,0.0,100,1,prioRTVSTSAN,1000,1,47583046.2,40
intrusiondetection,app41,VS,0.3787309413917382,650,0.0,0,0,0.0,100,1,prioRTVSTSAN,1000,1,47583046.2,40
occupancymanagement,app12,TS,0.626244037126278,650,0.0,0,0,0.0,100,2,prioRTVSTSAN,1000,1,280313.84,40
occupancymanagement,app21,RT,0.1284308135649805,650,0.0,0,0,0.0,100,0,prioRTVSTSAN,1000,1,280313.84,40
occupancymanagement,app36,VS,0.3440212432002307,650,0.0,0,0,0.0,100,1,prioRTVSTSAN,1000,1,280313.84,40
occupancymanagement,app37,VS,0.3293569776999465,650,0.0,0,0,0.0,100,1,prioRTVSTSAN,1000,1,280313.84,40
printing,app11,TS,0.4002749012269163,650,0.0,0,0,0.0,100,2,prioRTVSTSAN,1000,1,624394.2,40
printing,app12,TS,0.4056620222491506,650,0.0,0,0,0.0,100,2,prioRTVSTSAN,1000,1,624394.2,40
printing,app13,TS,0.40967104254474,650,0.0,0,0,0.0,100,2,prioRTVSTSAN,1000,1,624394.2,40
printing,app2,AN,1.0335748260525903,650,0.0,0,0,0.0,100,3,prioRTVSTSAN,1000,1,624394.2,40
printing,app4,AN,1.0142814158799067,650,0.0,0,0,0.0,100,3,prioRTVSTSAN,1000,1,624394.2,40
smartthings,app11,TS,0.5176233995322592,650,0.0,0,0,0.0,100,2,prioRTVSTSAN,1000,1,205264.41,40
smartthings,app14,TS,0.4997662566752602,650,0.0,0,0,0.0,100,2,prioRTVSTSAN,1000,1,205264.41,40
smartthings,app1,AN,1.0935162566700114,650,0.0,0,0,0.0,100,3,prioRTVSTSAN,1000,1,205264.41,40
smartthings,app21,RT,0.1312909819530719,650,0.0,0,0,0.0,100,0,prioRTVSTSAN,1000,1,205264.41,40
smartthings,app3,AN,1.0900821907360967,650,0.0,0,0,0.0,100,3,prioRTVSTSAN,1000,1,205264.41,40
videosurveillance,app26,RT,0.1318190696481693,650,0.0,0,0,0.0,100,0,prioRTVSTSAN,1000,1,14310092.37,40
videosurveillance,app2,AN,1.1432401825727436,650,0.0,0,0,0.0,100,3,prioRTVSTSAN,1000,1,14310092.37,40
videosurveillance,app36,VS,0.3826557195583129,650,0.0,0,0,0.0,100,1,prioRTVSTSAN,1000,1,14310092.37,40
videosurveillance,app37,VS,0.3840621979929117,650,0.0,0,0,0.0,100,1,prioRTVSTSAN,1000,1,14310092.37,40
videosurveillance,app38,VS,0.3838589986186754,650,0.0,0,0,0.0,100,1,prioRTVSTSAN,1000,1,14310092.37,40
videosurveillance,app4,AN,1.13972308942111,650,0.0,0,0,0.0,100,3,prioRTVSTSAN,1000,1,14310092.37,40
amazonecho,app14,TS,0.4570748014178243,650,0.0,0,0,0.0,100,1,prioRT,1000,1,105869.28,40
amazonecho,app21,RT,0.1259007123517066,650,0.0,0,0,0.0,100,0,prioRT,1000,1,105869.28,40
amazonecho,app3,AN,0.4667914006081027,650,0.0,0,0,0.0,100,1,prioRT,1000,1,105869.28,40
bms,app12,TS,0.5532366614801641,650,0.0,0,0,0.0,100,1,prioRT,1000,1,16091324.56,40
bms,app1,AN,0.5504264508574873,650,0.0,0,0,0.0,100,1,prioRT,1000,1,16091324.56,40
bms,app21,RT,0.1294760287660113,650,0.0,0,0,0.0,100,0,prioRT,1000,1,16091324.56,40
bms,app2,AN,0.5534770460955607,650,0.0,0,0,0.0,100,1,prioRT,1000,1,16091324.56,40
energymanagement,app1,AN,0.5568115779411822,650,0.0,0,0,0.0,100,1,prioRT,1000,1,3324693.6,40
energymanagement,app24,RT,0.1296105213734049,650,0.0,0,0,0.0,100,0,prioRT,1000,1,3324693.6,40
energymanagement,app2,AN,0.5606789800056673,650,0.0,0,0,0.0,100,1,prioRT,1000,1,3324693.6,40
energymanagement,app3,AN,0.5611702522606913,650,0.0,0,0,0.0,100,1,prioRT,1000,1,3324693.6,40
firedetection,app1,AN,0.6123588646704765,650,0.0,0,0,0.0,100,1,prioRT,1000,1,191693.0,40
firedetection,app22,RT,0.1973541163360493,650,0.0,0,0,0.0,100,0,prioRT,1000,1,191693.0,40
firedetection,app23,RT,0.1945051134870851,650,0.0,0,0,0.0,100,0,prioRT,1000,1,191693.0,40
firedetection,app25,RT,0.1973541163360437,650,0.0,0,0,0.0,100,0,prioRT,1000,1,191693.0,40
intrusiondetection,app21,RT,0.1312501225779167,650,0.0,0,0,0.0,100,0,prioRT,1000,1,47583046.2,40
intrusiondetection,app2,AN,0.5996933379059981,650,0.0,0,0,0.0,100,1,prioRT,1000,1,47583046.2,40
intrusiondetection,app36,VS,0.597862541635596,650,0.0,0,0,0.0,100,1,prioRT,1000,1,47583046.2,40
intrusiondetection,app40,VS,0.6001810539055342,650,0.0,0,0,0.0,100,1,prioRT,1000,1,47583046.2,40
intrusiondetection,app41,VS,0.5991460783291349,650,0.0,0,0,0.0,100,1,prioRT,1000,1,47583046.2,40
occupancymanagement,app12,TS,0.5780205721765771,650,0.0,0,0,0.0,100,1,prioRT,1000,1,280313.84,40
occupancymanagement,app21,RT,0.1321189328356197,650,0.0,0,0,0.0,100,0,prioRT,1000,1,280313.84,40
occupancymanagement,app36,VS,0.5956750488472338,650,0.0,0,0,0.0,100,1,prioRT,1000,1,280313.84,40
occupancymanagement,app37,VS,0.5888654649884859,650,0.0,0,0,0.0,100,1,prioRT,1000,1,280313.84,40
printing,app11,TS,0.5666135213849728,650,0.0,0,0,0.0,100,1,prioRT,1000,1,624394.2,40
printing,app12,TS,0.5717237957257671,650,0.0,0,0,0.0,100,1,prioRT,1000,1,624394.2,40
printing,app13,TS,0.5640583842144616,650,0.0,0,0,0.0,100,1,prioRT,1000,1,624394.2,40
printing,app2,AN,0.5688996967480249,650,0.0,0,0,0.0,100,1,prioRT,1000,1,624394.2,40
printing,app4,AN,0.5688996967479905,650,0.0,0,0,0.0,100,1,prioRT,1000,1,624394.2,40
smartthings,app11,TS,0.5672085763284299,650,0.0,0,0,0.0,100,1,prioRT,1000,1,205264.41,40
smartthings,app14,TS,0.5862526390617391,650,0.0,0,0,0.0,100,1,prioRT,1000,1,205264.41,40
smartthings,app1,AN,0.5675819893234109,650,0.0,0,0,0.0,100,1,prioRT,1000,1,205264.41,40
smartthings,app21,RT,0.132182437422208,650,0.0,0,0,0.0,100,0,prioRT,1000,1,205264.41,40
smartthings,app3,AN,0.5787843791663151,650,0.0,0,0,0.0,100,1,prioRT,1000,1,205264.41,40
videosurveillance,app26,RT,0.1325072336555277,650,0.0,0,0,0.0,100,0,prioRT,1000,1,14310092.37,40
videosurveillance,app2,AN,0.6495058466358314,650,0.0,0,0,0.0,100,1,prioRT,1000,1,14310092.37,40
videosurveillance,app36,VS,0.6516611154504723,650,0.0,0,0,0.0,100,1,prioRT,1000,1,14310092.37,40
videosurveillance,app37,VS,0.651640542281898,650,0.0,0,0,0.0,100,1,prioRT,1000,1,14310092.37,40
videosurveillance,app38,VS,0.6469708816008668,650,0.0,0,0,0.0,100,1,prioRT,1000,1,14310092.37,40
videosurveillance,app4,AN,0.6500885754649479,650,0.0,0,0,0.0,100,1,prioRT,1000,1,14310092.37,40
amazonecho,app14,TS,0.4121871045297827,650,0.02,0,0,0.02,100,0,dropVS2AN2,1000,1,105869.28,40
amazonecho,app21,RT,0.4266101814526521,650,0.02,0,0,0.02,100,0,dropVS2AN2,1000,1,105869.28,40
amazonecho,app3,AN,0.4283086141686812,650,0.02,0,0,0.02,100,0,dropVS2AN2,1000,1,105869.28,40
bms,app12,TS,0.4624330372353969,650,0.02,0,0,0.02,100,0,dropVS2AN2,1000,1,16091324.56,40
bms,app1,AN,0.4635551150670667,650,0.02,0,0,0.02,100,0,dropVS2AN2,1000,1,16091324.56,40
bms,app21,RT,0.4614471935324966,650,0.02,0,0,0.02,100,0,dropVS2AN2,1000,1,16091324.56,40
bms,app2,AN,0.4615307048080667,650,0.02,0,0,0.02,100,0,dropVS2AN2,1000,1,16091324.56,40
energymanagement,app1,AN,0.479053783125999,650,0.02,0,0,0.02,100,0,dropVS2AN2,1000,1,3324693.6,40
energymanagement,app24,RT,0.4626445723565759,650,0.02,0,0,0.02,100,0,dropVS2AN2,1000,1,3324693.6,40
energymanagement,app2,AN,0.4675131435325649,650,0.02,0,0,0.02,100,0,dropVS2AN2,1000,1,3324693.6,40
energymanagement,app3,AN,0.4711431605954649,650,0.02,0,0,0.02,100,0,dropVS2AN2,1000,1,3324693.6,40
firedetection,app1,AN,0.503770571171452,650,0.02,0,0,0.02,100,0,dropVS2AN2,1000,1,191693.0,40
firedetection,app22,RT,0.4963496835768343,650,0.02,0,0,0.02,100,0,dropVS2AN2,1000,1,191693.0,40
firedetection,app23,RT,0.4956239941719552,650,0.02,0,0,0.02,100,0,dropVS2AN2,1000,1,191693.0,40
firedetection,app25,RT,0.5083235587581714,650,0.02,0,0,0.02,100,0,dropVS2AN2,1000,1,191693.0,40
intrusiondetection,app21,RT,0.495025639532241,650,0.02,0,0,0.02,100,0,dropVS2AN2,1000,1,47583046.2,40
intrusiondetection,app2,AN,0.4955623814689631,650,0.02,0,0,0.02,100,0,dropVS2AN2,1000,1,47583046.2,40
intrusiondetection,app36,VS,0.4951696549913565,650,0.02,0,0,0.02,100,0,dropVS2AN2,1000,1,47583046.2,40
intrusiondetection,app40,VS,0.4940951960054865,650,0.02,0,0,0.02,100,0,dropVS2AN2,1000,1,47583046.2,40
intrusiondetection,app41,VS,0.496026333013669,650,0.02,0,0,0.02,100,0,dropVS2AN2,1000,1,47583046.2,40
occupancymanagement,app12,TS,0.5114057690181993,650,0.02,0,0,0.02,100,0,dropVS2AN2,1000,1,280313.84,40
occupancymanagement,app21,RT,0.4988007270015274,650,0.02,0,0,0.02,100,0,dropVS2AN2,1000,1,280313.84,40
occupancymanagement,app36,VS,0.5038852969140695,650,0.02,0,0,0.02,100,0,dropVS2AN2,1000,1,280313.84,40
occupancymanagement,app37,VS,0.5035591458754178,650,0.02,0,0,0.02,100,0,dropVS2AN2,1000,1,280313.84,40
printing,app11,TS,0.5111950859579496,650,0.02,0,0,0.02,100,0,dropVS2AN2,1000,1,624394.2,40
printing,app12,TS,0.5104245709971522,650,0.02,0,0,0.02,100,0,dropVS2AN2,1000,1,624394.2,40
printing,app13,TS,0.5101677326769523,650,0.02,0,0,0.02,100,0,dropVS2AN2,1000,1,624394.2,40
printing,app2,AN,0.5106780539266014,650,0.02,0,0,0.02,100,0,dropVS2AN2,1000,1,624394.2,40
printing,app4,AN,0.512311714767399,650,0.02,0,0,0.02,100,0,dropVS2AN2,1000,1,624394.2,40
smartthings,app11,TS,0.478220708261336,650,0.02,0,0,0.02,100,0,dropVS2AN2,1000,1,205264.41,40
smartthings,app14,TS,0.4802449997591566,650,0.02,0,0,0.02,100,0,dropVS2AN2,1000,1,205264.41,40
smartthings,app1,AN,0.4840172937558581,650,0.02,0,0,0.02,100,0,dropVS2AN2,1000,1,205264.41,40
smartthings,app21,RT,0.4887470240506972,650,0.02,0,0,0.02,100,0,dropVS2AN2,1000,1,205264.41,40
smartthings,app3,AN,0.478144462240703,650,0.02,0,0,0.02,100,0,dropVS2AN2,1000,1,205264.41,40
videosurveillance,app26,RT,0.5309874098699804,650,0.02,0,0,0.02,100,0,dropVS2AN2,1000,1,14310092.37,40
videosurveillance,app2,AN,0.5323035875095287,650,0.02,0,0,0.02,100,0,dropVS2AN2,1000,1,14310092.37,40
videosurveillance,app36,VS,0.5382124853571315,650,0.02,0,0,0.02,100,0,dropVS2AN2,1000,1,14310092.37,40
videosurveillance,app37,VS,0.5334595560668397,650,0.02,0,0,0.02,100,0,dropVS2AN2,1000,1,14310092.37,40
videosurveillance,app38,VS,0.5351110610146479,650,0.02,0,0,0.02,100,0,dropVS2AN2,1000,1,14310092.37,40
videosurveillance,app4,AN,0.5333290038981111,650,0.02,0,0,0.02,100,0,dropVS2AN2,1000,1,14310092.37,40
amazonecho,app14,TS,0.1263150950274912,650,0.0,0,0,0.0,100,0,prioTS,1000,1,105869.28,40
amazonecho,app21,RT,0.5506740693828273,650,0.0,0,0,0.0,100,1,prioTS,1000,1,105869.28,40
amazonecho,app3,AN,0.5525971463058589,650,0.0,0,0,0.0,100,1,prioTS,1000,1,105869.28,40
bms,app12,TS,0.1245762649198973,650,0.0,0,0,0.0,100,0,prioTS,1000,1,16091324.56,40
bms,app1,AN,0.5193400390859123,650,0.0,0,0,0.0,100,1,prioTS,1000,1,16091324.56,40
bms,app21,RT,0.5222442777044192,650,0.0,0,0,0.0,100,1,prioTS,1000,1,16091324.56,40
bms,app2,AN,0.5262853189243927,650,0.0,0,0,0.0,100,1,prioTS,1000,1,16091324.56,40
energymanagement,app1,AN,0.4945424352589884,650,0.0,0,0,0.0,100,1,prioTS,1000,1,3324693.6,40
energymanagement,app24,RT,0.4924591019256666,650,0.0,0,0,0.0,100,1,prioTS,1000,1,3324693.6,40
energymanagement,app2,AN,0.4981881262744507,650,0.0,0,0,0.0,100,1,prioTS,1000,1,3324693.6,40
energymanagement,app3,AN,0.5022161604709046,650,0.0,0,0,0.0,100,1,prioTS,1000,1,3324693.6,40
firedetection,app1,AN,0.4729841392591039,650,0.0,0,0,0.0,100,1,prioTS,1000,1,191693.0,40
firedetection,app22,RT,0.4695346739263173,650,0.0,0,0,0.0,100,1,prioTS,1000,1,191693.0,40
firedetection,app23,RT,0.4753987649922065,650,0.0,0,0,0.0,100,1,prioTS,1000,1,191693.0,40
firedetection,app25,RT,0.472294246192581,650,0.0,0,0,0.0,100,1,prioTS,1000,1,191693.0,40
intrusiondetection,app21,RT,0.5326639780218322,650,0.0,0,0,0.0,100,1,prioTS,1000,1,47583046.2,40
intrusiondetection,app2,AN,0.5315032319392087,650,0.0,0,0,0.0,100,1,prioTS,1000,1,47583046.2,40
intrusiondetection,app36,VS,0.5309651487839631,650,0.0,0,0,0.0,100,1,prioTS,1000,1,47583046.2,40
intrusiondetection,app40,VS,0.5329889424092914,650,0.0,0,0,0.0,100,1,prioTS,1000,1,47583046.2,40
intrusiondetection,app41,VS,0.5311615741756903,650,0.0,0,0,0.0,100,1,prioTS,1000,1,47583046.2,40
occupancymanagement,app12,TS,0.1229269419718194,650,0.0,0,0,0.0,100,0,prioTS,1000,1,280313.84,40
occupancymanagement,app21,RT,0.5659468849877763,650,0.0,0,0,0.0,100,1,prioTS,1000,1,280313.84,40
occupancymanagement,app36,VS,0.5411605602016699,650,0.0,0,0,0.0,100,1,prioTS,1000,1,280313.84,40
occupancymanagement,app37,VS,0.5511320701731552,650,0.0,0,0,0.0,100,1,prioTS,1000,1,280313.84,40
printing,app11,TS,0.1899925528077903,650,0.0,0,0,0.0,100,0,prioTS,1000,1,624394.2,40
printing,app12,TS,0.1899793105710993,650,0.0,0,0,0.0,100,0,prioTS,1000,1,624394.2,40
printing,app13,TS,0.1885432774454079,650,0.0,0,0,0.0,100,0,prioTS,1000,1,624394.2,40
printing,app2,AN,0.6243881528133141,650,0.0,0,0,0.0,100,1,prioTS,1000,1,624394.2,40
printing,app4,AN,0.6253929535278785,650,0.0,0,0,0.0,100,1,prioTS,1000,1,624394.2,40
smartthings,app11,TS,0.1618017162004366,650,0.0,0,0,0.0,100,0,prioTS,1000,1,205264.41,40
smartthings,app14,TS,0.1592972439285449,650,0.0,0,0,0.0,100,0,prioTS,1000,1,205264.41,40
smartthings,app1,AN,0.6584027895418934,650,0.0,0,0,0.0,100,1,prioTS,1000,1,205264.41,40
smartthings,app21,RT,0.6601916983073204,650,0.0,0,0,0.0,100,1,prioTS,1000,1,205264.41,40
smartthings,app3,AN,0.655182753763677,650,0.0,0,0,0.0,100,1,prioTS,1000,1,205264.41,40
videosurveillance,app26,RT,0.5649324001274374,650,0.0,0,0,0.0,100,1,prioTS,1000,1,14310092.37,40
videosurveillance,app2,AN,0.566418461365592,650,0.0,0,0,0.0,100,1,prioTS,1000,1,14310092.37,40
videosurveillance,app36,VS,0.5675135468356477,650,0.0,0,0,0.0,100,1,prioTS,1000,1,14310092.37,40
videosurveillance,app37,VS,0.5625584221660633,650,0.0,0,0,0.0,100,1,prioTS,1000,1,14310092.37,40
videosurveillance,app38,VS,0.5683860539581418,650,0.0,0,0,0.0,100,1,prioTS,1000,1,14310092.37,40
videosurveillance,app4,AN,0.5674672505393613,650,0.0,0,0,0.0,100,1,prioTS,1000,1,14310092.37,40
amazonecho,app14,TS,0.3542661196173898,650,0.05,0,0,0.02,100,0,dropVS2AN5,1000,1,105869.28,40
amazonecho,app21,RT,0.3670866324378852,650,0.05,0,0,0.02,100,0,dropVS2AN5,1000,1,105869.28,40
amazonecho,app3,AN,0.3780518880702876,650,0.05,0,0,0.02,100,0,dropVS2AN5,1000,1,105869.28,40
bms,app12,TS,0.45464105515626,650,0.05,0,0,0.02,100,0,dropVS2AN5,1000,1,16091324.56,40
bms,app1,AN,0.4546577844278985,650,0.05,0,0,0.02,100,0,dropVS2AN5,1000,1,16091324.56,40
bms,app21,RT,0.4546658908917728,650,0.05,0,0,0.02,100,0,dropVS2AN5,1000,1,16091324.56,40
bms,app2,AN,0.4557946705056974,650,0.05,0,0,0.02,100,0,dropVS2AN5,1000,1,16091324.56,40
energymanagement,app1,AN,0.450147118090798,650,0.05,0,0,0.02,100,0,dropVS2AN5,1000,1,3324693.6,40
energymanagement,app24,RT,0.4527262498119774,650,0.05,0,0,0.02,100,0,dropVS2AN5,1000,1,3324693.6,40
energymanagement,app2,AN,0.4528194546113467,650,0.05,0,0,0.02,100,0,dropVS2AN5,1000,1,3324693.6,40
energymanagement,app3,AN,0.4509001801524098,650,0.05,0,0,0.02,100,0,dropVS2AN5,1000,1,3324693.6,40
firedetection,app1,AN,0.4075883985316547,650,0.05,0,0,0.02,100,0,dropVS2AN5,1000,1,191693.0,40
firedetection,app22,RT,0.4134784248551217,650,0.05,0,0,0.02,100,0,dropVS2AN5,1000,1,191693.0,40
firedetection,app23,RT,0.4196322710088407,650,0.05,0,0,0.02,100,0,dropVS2AN5,1000,1,191693.0,40
firedetection,app25,RT,0.4068850182615499,650,0.05,0,0,0.02,100,0,dropVS2AN5,1000,1,191693.0,40
intrusiondetection,app21,RT,0.4908770118885511,650,0.05,0,0,0.02,100,0,dropVS2AN5,1000,1,47583046.2,40
intrusiondetection,app2,AN,0.4929532162815535,650,0.05,0,0,0.02,100,0,dropVS2AN5,1000,1,47583046.2,40
intrusiondetection,app36,VS,0.4933105724509566,650,0.05,0,0,0.02,100,0,dropVS2AN5,1000,1,47583046.2,40
intrusiondetection,app40,VS,0.491373952909987,650,0.05,0,0,0.02,100,0,dropVS2AN5,1000,1,47583046.2,40
intrusiondetection,app41,VS,0.4908120861013595,650,0.05,0,0,0.02,100,0,dropVS2AN5,1000,1,47583046.2,40
occupancymanagement,app12,TS,0.4161800289980674,650,0.05,0,0,0.02,100,0,dropVS2AN5,1000,1,280313.84,40
occupancymanagement,app21,RT,0.4319741208377646,650,0.05,0,0,0.02,100,0,dropVS2AN5,1000,1,280313.84,40
occupancymanagement,app36,VS,0.4277636512670018,650,0.05,0,0,0.02,100,0,dropVS2AN5,1000,1,280313.84,40
occupancymanagement,app37,VS,0.4330236155911,650,0.05,0,0,0.02,100,0,dropVS2AN5,1000,1,280313.84,40
printing,app11,TS,0.4626163009212639,650,0.05,0,0,0.02,100,0,dropVS2AN5,1000,1,624394.2,40
printing,app12,TS,0.4553099871634504,650,0.05,0,0,0.02,100,0,dropVS2AN5,1000,1,624394.2,40
printing,app13,TS,0.4622027359916013,650,0.05,0,0,0.02,100,0,dropVS2AN5,1000,1,624394.2,40
printing,app2,AN,0.4524315115159096,650,0.05,0,0,0.02,100,0,dropVS2AN5,1000,1,624394.2,40
printing,app4,AN,0.4528815285043123,650,0.05,0,0,0.02,100,0,dropVS2AN5,1000,1,624394.2,40
smartthings,app11,TS,0.468339721011097,650,0.05,0,0,0.02,100,0,dropVS2AN5,1000,1,205264.41,40
smartthings,app14,TS,0.4747499774213584,650,0.05,0,0,0.02,100,0,dropVS2AN5,1000,1,205264.41,40
smartthings,app1,AN,0.4975170516417662,650,0.05,0,0,0.02,100,0,dropVS2AN5,1000,1,205264.41,40
smartthings,app21,RT,0.4751506184470576,650,0.05,0,0,0.02,100,0,dropVS2AN5,1000,1,205264.41,40
smartthings,app3,AN,0.4777729086767522,650,0.05,0,0,0.02,100,0,dropVS2AN5,1000,1,205264.41,40
videosurveillance,app26,RT,0.5340338951037348,650,0.05,0,0,0.02,100,0,dropVS2AN5,1000,1,14310092.37,40
videosurveillance,app2,AN,0.5348600120071909,650,0.05,0,0,0.02,100,0,dropVS2AN5,1000,1,14310092.37,40
videosurveillance,app36,VS,0.5345261793897691,650,0.05,0,0,0.02,100,0,dropVS2AN5,1000,1,14310092.37,40
videosurveillance,app37,VS,0.5319164665770716,650,0.05,0,0,0.02,100,0,dropVS2AN5,1000,1,14310092.37,40
videosurveillance,app38,VS,0.5345784054168066,650,0.05,0,0,0.02,100,0,dropVS2AN5,1000,1,14310092.37,40
videosurveillance,app4,AN,0.5322215579988456,650,0.05,0,0,0.02,100,0,dropVS2AN5,1000,1,14310092.37,40
amazonecho,app14,TS,0.7363478111239578,650,0.0,0,0,0.0,100,2,prioRTVS,1000,1,105869.28,40
amazonecho,app21,RT,0.1258214953392062,650,0.0,0,0,0.0,100,0,prioRTVS,1000,1,105869.28,40
amazonecho,app3,AN,0.729870078330635,650,0.0,0,0,0.0,100,2,prioRTVS,1000,1,105869.28,40
bms,app12,TS,0.7994188870393376,650,0.0,0,0,0.0,100,2,prioRTVS,1000,1,16091324.56,40
bms,app1,AN,0.7934736569248663,650,0.0,0,0,0.0,100,2,prioRTVS,1000,1,16091324.56,40
bms,app21,RT,0.12971099813013,650,0.0,0,0,0.0,100,0,prioRTVS,1000,1,16091324.56,40
bms,app2,AN,0.7911204784339372,650,0.0,0,0,0.0,100,2,prioRTVS,1000,1,16091324.56,40
energymanagement,app1,AN,0.8046483861640638,650,0.0,0,0,0.0,100,2,prioRTVS,1000,1,3324693.6,40
energymanagement,app24,RT,0.1299406635022051,650,0.0,0,0,0.0,100,0,prioRTVS,1000,1,3324693.6,40
energymanagement,app2,AN,0.815635634879805,650,0.0,0,0,0.0,100,2,prioRTVS,1000,1,3324693.6,40
energymanagement,app3,AN,0.8076228143670843,650,0.0,0,0,0.0,100,2,prioRTVS,1000,1,3324693.6,40
firedetection,app1,AN,0.8929912844149858,650,0.0,0,0,0.0,100,2,prioRTVS,1000,1,191693.0,40
firedetection,app22,RT,0.1865877403212703,650,0.0,0,0,0.0,100,0,prioRTVS,1000,1,191693.0,40
firedetection,app23,RT,0.1954479900191123,650,0.0,0,0,0.0,100,0,prioRTVS,1000,1,191693.0,40
firedetection,app25,RT,0.1886014334345499,650,0.0,0,0,0.0,100,0,prioRTVS,1000,1,191693.0,40
intrusiondetection,app21,RT,0.131276385263584,650,0.0,0,0,0.0,100,0,prioRTVS,1000,1,47583046.2,40
intrusiondetection,app2,AN,1.020022118524878,650,0.0,0,0,0.0,100,2,prioRTVS,1000,1,47583046.2,40
intrusiondetection,app36,VS,0.3777272419227381,650,0.0,0,0,0.0,100,1,prioRTVS,1000,1,47583046.2,40
intrusiondetection,app40,VS,0.3805915758976688,650,0.0,0,0,0.0,100,1,prioRTVS,1000,1,47583046.2,40
intrusiondetection,app41,VS,0.377072781385171,650,0.0,0,0,0.0,100,1,prioRTVS,1000,1,47583046.2,40
occupancymanagement,app12,TS,0.9245561756327756,650,0.0,0,0,0.0,100,2,prioRTVS,1000,1,280313.84,40
occupancymanagement,app21,RT,0.1269853254376277,650,0.0,0,0,0.0,100,0,prioRTVS,1000,1,280313.84,40
occupancymanagement,app36,VS,0.3418132606584211,650,0.0,0,0,0.0,100,1,prioRTVS,1000,1,280313.84,40
occupancymanagement,app37,VS,0.3337160946666076,650,0.0,0,0,0.0,100,1,prioRTVS,1000,1,280313.84,40
printing,app11,TS,0.7989324766198717,650,0.0,0,0,0.0,100,2,prioRTVS,1000,1,624394.2,40
printing,app12,TS,0.8112598927933641,650,0.0,0,0,0.0,100,2,prioRTVS,1000,1,624394.2,40
printing,app13,TS,0.8159443109392709,650,0.0,0,0,0.0,100,2,prioRTVS,1000,1,624394.2,40
printing,app2,AN,0.810520247822985,650,0.0,0,0,0.0,100,2,prioRTVS,1000,1,624394.2,40
printing,app4,AN,0.8025074273104308,650,0.0,0,0,0.0,100,2,prioRTVS,1000,1,624394.2,40
smartthings,app11,TS,0.8661885898222255,650,0.0,0,0,0.0,100,2,prioRTVS,1000,1,205264.41,40
smartthings,app14,TS,0.8761527189575864,650,0.0,0,0,0.0,100,2,prioRTVS,1000,1,205264.41,40
smartthings,app1,AN,0.8653914594913384,650,0.0,0,0,0.0,100,2,prioRTVS,1000,1,205264.41,40
smartthings,app21,RT,0.1320315551543542,650,0.0,0,0,0.0,100,0,prioRTVS,1000,1,205264.41,40
smartthings,app3,AN,0.8908996300771393,650,0.0,0,0,0.0,100,2,prioRTVS,1000,1,205264.41,40
videosurveillance,app26,RT,0.1323908959439299,650,0.0,0,0,0.0,100,0,prioRTVS,1000,1,14310092.37,40
videosurveillance,app2,AN,1.0989106840213871,650,0.0,0,0,0.0,100,2,prioRTVS,1000,1,14310092.37,40
videosurveillance,app36,VS,0.3865700988786132,650,0.0,0,0,0.0,100,1,prioRTVS,1000,1,14310092.37,40
videosurveillance,app37,VS,0.3799911198867468,650,0.0,0,0,0.0,100,1,prioRTVS,1000,1,14310092.37,40
videosurveillance,app38,VS,0.3833970146939871,650,0.0,0,0,0.0,100,1,prioRTVS,1000,1,14310092.37,40
videosurveillance,app4,AN,1.0953322950093154,650,0.0,0,0,0.0,100,2,prioRTVS,1000,1,14310092.37,40
amazonecho,app14,TS,0.4316841268560802,650,0.0,0,0,0.0,100,0,baseline,1000,1,105869.28,40
amazonecho,app21,RT,0.4503139345482833,650,0.0,0,0,0.0,100,0,baseline,1000,1,105869.28,40
amazonecho,app3,AN,0.4419004730097972,650,0.0,0,0,0.0,100,0,baseline,1000,1,105869.28,40
bms,app12,TS,0.4819986713364454,650,0.0,0,0,0.0,100,0,baseline,1000,1,16091324.56,40
bms,app1,AN,0.4828354154658165,650,0.0,0,0,0.0,100,0,baseline,1000,1,16091324.56,40
bms,app21,RT,0.4814182028707389,650,0.0,0,0,0.0,100,0,baseline,1000,1,16091324.56,40
bms,app2,AN,0.4812316388042711,650,0.0,0,0,0.0,100,0,baseline,1000,1,16091324.56,40
energymanagement,app1,AN,0.4827725204321838,650,0.0,0,0,0.0,100,0,baseline,1000,1,3324693.6,40
energymanagement,app24,RT,0.4847435111473445,650,0.0,0,0,0.0,100,0,baseline,1000,1,3324693.6,40
energymanagement,app2,AN,0.4861347270895441,650,0.0,0,0,0.0,100,0,baseline,1000,1,3324693.6,40
energymanagement,app3,AN,0.4849621688577287,650,0.0,0,0,0.0,100,0,baseline,1000,1,3324693.6,40
firedetection,app1,AN,0.536835191037022,650,0.0,0,0,0.0,100,0,baseline,1000,1,191693.0,40
firedetection,app22,RT,0.529234096479574,650,0.0,0,0,0.0,100,0,baseline,1000,1,191693.0,40
firedetection,app23,RT,0.5173763889697617,650,0.0,0,0,0.0,100,0,baseline,1000,1,191693.0,40
firedetection,app25,RT,0.5243693959627425,650,0.0,0,0,0.0,100,0,baseline,1000,1,191693.0,40
intrusiondetection,app21,RT,0.5154792275792721,650,0.0,0,0,0.0,100,0,baseline,1000,1,47583046.2,40
intrusiondetection,app2,AN,0.5185985263367393,650,0.0,0,0,0.0,100,0,baseline,1000,1,47583046.2,40
intrusiondetection,app36,VS,0.5174147101529399,650,0.0,0,0,0.0,100,0,baseline,1000,1,47583046.2,40
intrusiondetection,app40,VS,0.518333791072013,650,0.0,0,0,0.0,100,0,baseline,1000,1,47583046.2,40
intrusiondetection,app41,VS,0.5175252246384565,650,0.0,0,0,0.0,100,0,baseline,1000,1,47583046.2,40
occupancymanagement,app12,TS,0.4865045705314589,650,0.0,0,0,0.0,100,0,baseline,1000,1,280313.84,40
occupancymanagement,app21,RT,0.4720814936083909,650,0.0,0,0,0.0,100,0,baseline,1000,1,280313.84,40
occupancymanagement,app36,VS,0.4819154096923351,650,0.0,0,0,0.0,100,0,baseline,1000,1,280313.84,40
occupancymanagement,app37,VS,0.4714258992029301,650,0.0,0,0,0.0,100,0,baseline,1000,1,280313.84,40
printing,app11,TS,0.5355900001691873,650,0.0,0,0,0.0,100,0,baseline,1000,1,624394.2,40
printing,app12,TS,0.5426919082721383,650,0.0,0,0,0.0,100,0,baseline,1000,1,624394.2,40
printing,app13,TS,0.5364456517478383,650,0.0,0,0,0.0,100,0,baseline,1000,1,624394.2,40
printing,app2,AN,0.5374724336422334,650,0.0,0,0,0.0,100,0,baseline,1000,1,624394.2,40
printing,app4,AN,0.5398682580625155,650,0.0,0,0,0.0,100,0,baseline,1000,1,624394.2,40
smartthings,app11,TS,0.5821668451288734,650,0.0,0,0,0.0,100,0,baseline,1000,1,205264.41,40
smartthings,app14,TS,0.580512585410102,650,0.0,0,0,0.0,100,0,baseline,1000,1,205264.41,40
smartthings,app1,AN,0.5705870270975661,650,0.0,0,0,0.0,100,0,baseline,1000,1,205264.41,40
smartthings,app21,RT,0.579685455550744,650,0.0,0,0,0.0,100,0,baseline,1000,1,205264.41,40
smartthings,app3,AN,0.570311317144515,650,0.0,0,0,0.0,100,0,baseline,1000,1,205264.41,40
videosurveillance,app26,RT,0.552480654036137,650,0.0,0,0,0.0,100,0,baseline,1000,1,14310092.37,40
videosurveillance,app2,AN,0.5525317889503415,650,0.0,0,0,0.0,100,0,baseline,1000,1,14310092.37,40
videosurveillance,app36,VS,0.5542353017280136,650,0.0,0,0,0.0,100,0,baseline,1000,1,14310092.37,40
videosurveillance,app37,VS,0.5503025078148439,650,0.0,0,0,0.0,100,0,baseline,1000,1,14310092.37,40
videosurveillance,app38,VS,0.5538650913580805,650,0.0,0,0,0.0,100,0,baseline,1000,1,14310092.37,40
videosurveillance,app4,AN,0.5539908250817931,650,0.0,0,0,0.0,100,0,baseline,1000,1,14310092.37,40
amazonecho,app14,TS,,650,0.0,0,0,0.0,100,0,prioritizeTopics,1000,1,105869.28,40
amazonecho,app21,RT,,650,0.0,0,0,0.0,100,0,prioritizeTopics,1000,1,105869.28,40
amazonecho,app3,AN,,650,0.0,0,0,0.0,100,0,prioritizeTopics,1000,1,105869.28,40
bms,app12,TS,,650,0.0,0,0,0.0,100,0,prioritizeTopics,1000,1,16091324.56,40
bms,app1,AN,,650,0.0,0,0,0.0,100,0,prioritizeTopics,1000,1,16091324.56,40
bms,app21,RT,,650,0.0,0,0,0.0,100,0,prioritizeTopics,1000,1,16091324.56,40
bms,app2,AN,,650,0.0,0,0,0.0,100,0,prioritizeTopics,1000,1,16091324.56,40
energymanagement,app1,AN,,650,0.0,0,0,0.0,100,0,prioritizeTopics,1000,1,3324693.6,40
energymanagement,app24,RT,,650,0.0,0,0,0.0,100,0,prioritizeTopics,1000,1,3324693.6,40
energymanagement,app2,AN,,650,0.0,0,0,0.0,100,0,prioritizeTopics,1000,1,3324693.6,40
energymanagement,app3,AN,,650,0.0,0,0,0.0,100,0,prioritizeTopics,1000,1,3324693.6,40
firedetection,app1,AN,,650,0.0,0,0,0.0,100,0,prioritizeTopics,1000,1,191693.0,40
firedetection,app22,RT,,650,0.0,0,0,0.0,100,0,prioritizeTopics,1000,1,191693.0,40
firedetection,app23,RT,,650,0.0,0,0,0.0,100,0,prioritizeTopics,1000,1,191693.0,40
firedetection,app25,RT,,650,0.0,0,0,0.0,100,0,prioritizeTopics,1000,1,191693.0,40
intrusiondetection,app21,RT,,650,0.0,0,0,0.0,100,0,prioritizeTopics,1000,1,47583046.2,40
intrusiondetection,app2,AN,,650,0.0,0,0,0.0,100,0,prioritizeTopics,1000,1,47583046.2,40
intrusiondetection,app36,VS,,650,0.0,0,0,0.0,100,0,prioritizeTopics,1000,1,47583046.2,40
intrusiondetection,app40,VS,,650,0.0,0,0,0.0,100,0,prioritizeTopics,1000,1,47583046.2,40
intrusiondetection,app41,VS,,650,0.0,0,0,0.0,100,0,prioritizeTopics,1000,1,47583046.2,40
occupancymanagement,app12,TS,,650,0.0,0,0,0.0,100,0,prioritizeTopics,1000,1,280313.84,40
occupancymanagement,app21,RT,,650,0.0,0,0,0.0,100,0,prioritizeTopics,1000,1,280313.84,40
occupancymanagement,app36,VS,,650,0.0,0,0,0.0,100,0,prioritizeTopics,1000,1,280313.84,40
occupancymanagement,app37,VS,,650,0.0,0,0,0.0,100,0,prioritizeTopics,1000,1,280313.84,40
printing,app11,TS,,650,0.0,0,0,0.0,100,0,prioritizeTopics,1000,1,624394.2,40
printing,app12,TS,,650,0.0,0,0,0.0,100,0,prioritizeTopics,1000,1,624394.2,40
printing,app13,TS,,650,0.0,0,0,0.0,100,0,prioritizeTopics,1000,1,624394.2,40
printing,app2,AN,,650,0.0,0,0,0.0,100,0,prioritizeTopics,1000,1,624394.2,40
printing,app4,AN,,650,0.0,0,0,0.0,100,0,prioritizeTopics,1000,1,624394.2,40
smartthings,app11,TS,,650,0.0,0,0,0.0,100,0,prioritizeTopics,1000,1,205264.41,40
smartthings,app14,TS,,650,0.0,0,0,0.0,100,0,prioritizeTopics,1000,1,205264.41,40
smartthings,app1,AN,,650,0.0,0,0,0.0,100,0,prioritizeTopics,1000,1,205264.41,40
smartthings,app21,RT,,650,0.0,0,0,0.0,100,0,prioritizeTopics,1000,1,205264.41,40
smartthings,app3,AN,,650,0.0,0,0,0.0,100,0,prioritizeTopics,1000,1,205264.41,40
videosurveillance,app26,RT,,650,0.0,0,0,0.0,100,0,prioritizeTopics,1000,1,14310092.37,40
videosurveillance,app2,AN,,650,0.0,0,0,0.0,100,0,prioritizeTopics,1000,1,14310092.37,40
videosurveillance,app36,VS,,650,0.0,0,0,0.0,100,0,prioritizeTopics,1000,1,14310092.37,40
videosurveillance,app37,VS,,650,0.0,0,0,0.0,100,0,prioritizeTopics,1000,1,14310092.37,40
videosurveillance,app38,VS,,650,0.0,0,0,0.0,100,0,prioritizeTopics,1000,1,14310092.37,40
videosurveillance,app4,AN,,650,0.0,0,0,0.0,100,0,prioritizeTopics,1000,1,14310092.37,40
amazonecho,app14,TS,,650,0.0,0,0,0.0,100,0,maxmin,1000,1,105869.28,40
amazonecho,app21,RT,,650,0.0,0,0,0.0,100,0,maxmin,1000,1,105869.28,40
amazonecho,app3,AN,,650,0.0,0,0,0.0,100,0,maxmin,1000,1,105869.28,40
bms,app12,TS,,650,0.0,0,0,0.0,100,0,maxmin,1000,1,16091324.56,40
bms,app1,AN,,650,0.0,0,0,0.0,100,0,maxmin,1000,1,16091324.56,40
bms,app21,RT,,650,0.0,0,0,0.0,100,0,maxmin,1000,1,16091324.56,40
bms,app2,AN,,650,0.0,0,0,0.0,100,0,maxmin,1000,1,16091324.56,40
energymanagement,app1,AN,,650,0.0,0,0,0.0,100,0,maxmin,1000,1,3324693.6,40
energymanagement,app24,RT,,650,0.0,0,0,0.0,100,0,maxmin,1000,1,3324693.6,40
energymanagement,app2,AN,,650,0.0,0,0,0.0,100,0,maxmin,1000,1,3324693.6,40
energymanagement,app3,AN,,650,0.0,0,0,0.0,100,0,maxmin,1000,1,3324693.6,40
firedetection,app1,AN,,650,0.0,0,0,0.0,100,0,maxmin,1000,1,191693.0,40
firedetection,app22,RT,,650,0.0,0,0,0.0,100,0,maxmin,1000,1,191693.0,40
firedetection,app23,RT,,650,0.0,0,0,0.0,100,0,maxmin,1000,1,191693.0,40
firedetection,app25,RT,,650,0.0,0,0,0.0,100,0,maxmin,1000,1,191693.0,40
intrusiondetection,app21,RT,,650,0.0,0,0,0.0,100,0,maxmin,1000,1,47583046.2,40
intrusiondetection,app2,AN,,650,0.0,0,0,0.0,100,0,maxmin,1000,1,47583046.2,40
intrusiondetection,app36,VS,,650,0.0,0,0,0.0,100,0,maxmin,1000,1,47583046.2,40
intrusiondetection,app40,VS,,650,0.0,0,0,0.0,100,0,maxmin,1000,1,47583046.2,40
intrusiondetection,app41,VS,,650,0.0,0,0,0.0,100,0,maxmin,1000,1,47583046.2,40
occupancymanagement,app12,TS,,650,0.0,0,0,0.0,100,0,maxmin,1000,1,280313.84,40
occupancymanagement,app21,RT,,650,0.0,0,0,0.0,100,0,maxmin,1000,1,280313.84,40
occupancymanagement,app36,VS,,650,0.0,0,0,0.0,100,0,maxmin,1000,1,280313.84,40
occupancymanagement,app37,VS,,650,0.0,0,0,0.0,100,0,maxmin,1000,1,280313.84,40
printing,app11,TS,,650,0.0,0,0,0.0,100,0,maxmin,1000,1,624394.2,40
printing,app12,TS,,650,0.0,0,0,0.0,100,0,maxmin,1000,1,624394.2,40
printing,app13,TS,,650,0.0,0,0,0.0,100,0,maxmin,1000,1,624394.2,40
printing,app2,AN,,650,0.0,0,0,0.0,100,0,maxmin,1000,1,624394.2,40
printing,app4,AN,,650,0.0,0,0,0.0,100,0,maxmin,1000,1,624394.2,40
smartthings,app11,TS,,650,0.0,0,0,0.0,100,0,maxmin,1000,1,205264.41,40
smartthings,app14,TS,,650,0.0,0,0,0.0,100,0,maxmin,1000,1,205264.41,40
smartthings,app1,AN,,650,0.0,0,0,0.0,100,0,maxmin,1000,1,205264.41,40
smartthings,app21,RT,,650,0.0,0,0,0.0,100,0,maxmin,1000,1,205264.41,40
smartthings,app3,AN,,650,0.0,0,0,0.0,100,0,maxmin,1000,1,205264.41,40
videosurveillance,app26,RT,,650,0.0,0,0,0.0,100,0,maxmin,1000,1,14310092.37,40
videosurveillance,app2,AN,,650,0.0,0,0,0.0,100,0,maxmin,1000,1,14310092.37,40
videosurveillance,app36,VS,,650,0.0,0,0,0.0,100,0,maxmin,1000,1,14310092.37,40
videosurveillance,app37,VS,,650,0.0,0,0,0.0,100,0,maxmin,1000,1,14310092.37,40
videosurveillance,app38,VS,,650,0.0,0,0,0.0,100,0,maxmin,1000,1,14310092.37,40
videosurveillance,app4,AN,,650,0.0,0,0,0.0,100,0,maxmin,1000,1,14310092.37,40
amazonecho,app14,TS,0.6059734043628986,650,0.0,0,0,0.0,100,1,prioVS,1000,1,105869.28,40
amazonecho,app21,RT,0.6103440337333894,650,0.0,0,0,0.0,100,1,prioVS,1000,1,105869.28,40
amazonecho,app3,AN,0.5911132645029569,650,0.0,0,0,0.0,100,1,prioVS,1000,1,105869.28,40
bms,app12,TS,0.633727523929872,650,0.0,0,0,0.0,100,1,prioVS,1000,1,16091324.56,40
bms,app1,AN,0.6326739475949494,650,0.0,0,0,0.0,100,1,prioVS,1000,1,16091324.56,40
bms,app21,RT,0.6324271652100911,650,0.0,0,0,0.0,100,1,prioVS,1000,1,16091324.56,40
bms,app2,AN,0.6377673700463523,650,0.0,0,0,0.0,100,1,prioVS,1000,1,16091324.56,40
energymanagement,app1,AN,0.6366379861872594,650,0.0,0,0,0.0,100,1,prioVS,1000,1,3324693.6,40
energymanagement,app24,RT,0.6392250234791178,650,0.0,0,0,0.0,100,1,prioVS,1000,1,3324693.6,40
energymanagement,app2,AN,0.6429129277036556,650,0.0,0,0,0.0,100,1,prioVS,1000,1,3324693.6,40
energymanagement,app3,AN,0.6469310920079887,650,0.0,0,0,0.0,100,1,prioVS,1000,1,3324693.6,40
firedetection,app1,AN,0.6453924021507024,650,0.0,0,0,0.0,100,1,prioVS,1000,1,191693.0,40
firedetection,app22,RT,0.6421680815612394,650,0.0,0,0,0.0,100,1,prioVS,1000,1,191693.0,40
firedetection,app23,RT,0.6472348710591446,650,0.0,0,0,0.0,100,1,prioVS,1000,1,191693.0,40
firedetection,app25,RT,0.6490773399672005,650,0.0,0,0,0.0,100,1,prioVS,1000,1,191693.0,40
intrusiondetection,app21,RT,0.8123242987383208,650,0.0,0,0,0.0,100,1,prioVS,1000,1,47583046.2,40
intrusiondetection,app2,AN,0.835770737997529,650,0.0,0,0,0.0,100,1,prioVS,1000,1,47583046.2,40
intrusiondetection,app36,VS,0.2323472433618758,650,0.0,0,0,0.0,100,0,prioVS,1000,1,47583046.2,40
intrusiondetection,app40,VS,0.2316764282644991,650,0.0,0,0,0.0,100,0,prioVS,1000,1,47583046.2,40
intrusiondetection,app41,VS,0.2314066563437692,650,0.0,0,0,0.0,100,0,prioVS,1000,1,47583046.2,40
occupancymanagement,app12,TS,0.7436276808029637,650,0.0,0,0,0.0,100,1,prioVS,1000,1,280313.84,40
occupancymanagement,app21,RT,0.7451600130124449,650,0.0,0,0,0.0,100,1,prioVS,1000,1,280313.84,40
occupancymanagement,app36,VS,0.1929074846679942,650,0.0,0,0,0.0,100,0,prioVS,1000,1,280313.84,40
occupancymanagement,app37,VS,0.1852458236199914,650,0.0,0,0,0.0,100,0,prioVS,1000,1,280313.84,40
printing,app11,TS,0.7265351772940325,650,0.0,0,0,0.0,100,1,prioVS,1000,1,624394.2,40
printing,app12,TS,0.7151025732013605,650,0.0,0,0,0.0,100,1,prioVS,1000,1,624394.2,40
printing,app13,TS,0.718772297971747,650,0.0,0,0,0.0,100,1,prioVS,1000,1,624394.2,40
printing,app2,AN,0.7066339775765528,650,0.0,0,0,0.0,100,1,prioVS,1000,1,624394.2,40
printing,app4,AN,0.7029642528058416,650,0.0,0,0,0.0,100,1,prioVS,1000,1,624394.2,40
smartthings,app11,TS,0.6130553463247148,650,0.0,0,0,0.0,100,1,prioVS,1000,1,205264.41,40
smartthings,app14,TS,0.6668187871843319,650,0.0,0,0,0.0,100,1,prioVS,1000,1,205264.41,40
smartthings,app1,AN,0.645313410840455,650,0.0,0,0,0.0,100,1,prioVS,1000,1,205264.41,40
smartthings,app21,RT,0.6304250733718233,650,0.0,0,0,0.0,100,1,prioVS,1000,1,205264.41,40
smartthings,app3,AN,0.6539982743639003,650,0.0,0,0,0.0,100,1,prioVS,1000,1,205264.41,40
videosurveillance,app26,RT,0.8760899899151547,650,0.0,0,0,0.0,100,1,prioVS,1000,1,14310092.37,40
videosurveillance,app2,AN,0.8714065523849212,650,0.0,0,0,0.0,100,1,prioVS,1000,1,14310092.37,40
videosurveillance,app36,VS,0.233979071965527,650,0.0,0,0,0.0,100,0,prioVS,1000,1,14310092.37,40
videosurveillance,app37,VS,0.2344312328705345,650,0.0,0,0,0.0,100,0,prioVS,1000,1,14310092.37,40
videosurveillance,app38,VS,0.2355490320846535,650,0.0,0,0,0.0,100,0,prioVS,1000,1,14310092.37,40
videosurveillance,app4,AN,0.871722888433855,650,0.0,0,0,0.0,100,1,prioVS,1000,1,14310092.37,40
amazonecho,app14,TS,0.467562507086472,650,0.0,0,0,0.02,100,0,dropVS2,1000,1,105869.28,40
amazonecho,app21,RT,0.468407815624091,650,0.0,0,0,0.02,100,0,dropVS2,1000,1,105869.28,40
amazonecho,app3,AN,0.4667171985489056,650,0.0,0,0,0.02,100,0,dropVS2,1000,1,105869.28,40
bms,app12,TS,0.4761161169075413,650,0.0,0,0,0.02,100,0,dropVS2,1000,1,16091324.56,40
bms,app1,AN,0.4763415558128239,650,0.0,0,0,0.02,100,0,dropVS2,1000,1,16091324.56,40
bms,app21,RT,0.4778416755898516,650,0.0,0,0,0.02,100,0,dropVS2,1000,1,16091324.56,40
bms,app2,AN,0.4774143251624957,650,0.0,0,0,0.02,100,0,dropVS2,1000,1,16091324.56,40
energymanagement,app1,AN,0.4703779453309059,650,0.0,0,0,0.02,100,0,dropVS2,1000,1,3324693.6,40
energymanagement,app24,RT,0.4691318537112519,650,0.0,0,0,0.02,100,0,dropVS2,1000,1,3324693.6,40
energymanagement,app2,AN,0.4761370013064646,650,0.0,0,0,0.02,100,0,dropVS2,1000,1,3324693.6,40
energymanagement,app3,AN,0.4750805866984495,650,0.0,0,0,0.02,100,0,dropVS2,1000,1,3324693.6,40
firedetection,app1,AN,0.4725389889607373,650,0.0,0,0,0.02,100,0,dropVS2,1000,1,191693.0,40
firedetection,app22,RT,0.4693189531826078,650,0.0,0,0,0.02,100,0,dropVS2,1000,1,191693.0,40
firedetection,app23,RT,0.46967673493571,650,0.0,0,0,0.02,100,0,dropVS2,1000,1,191693.0,40
firedetection,app25,RT,0.4821990962952243,650,0.0,0,0,0.02,100,0,dropVS2,1000,1,191693.0,40
intrusiondetection,app21,RT,0.5047489113079399,650,0.0,0,0,0.02,100,0,dropVS2,1000,1,47583046.2,40
intrusiondetection,app2,AN,0.5130330585046071,650,0.0,0,0,0.02,100,0,dropVS2,1000,1,47583046.2,40
intrusiondetection,app36,VS,0.504715079097647,650,0.0,0,0,0.02,100,0,dropVS2,1000,1,47583046.2,40
intrusiondetection,app40,VS,0.5117958405420581,650,0.0,0,0,0.02,100,0,dropVS2,1000,1,47583046.2,40
intrusiondetection,app41,VS,0.5049985866578958,650,0.0,0,0,0.02,100,0,dropVS2,1000,1,47583046.2,40
occupancymanagement,app12,TS,0.4538781358261773,650,0.0,0,0,0.02,100,0,dropVS2,1000,1,280313.84,40
occupancymanagement,app21,RT,0.4494402660037121,650,0.0,0,0,0.02,100,0,dropVS2,1000,1,280313.84,40
occupancymanagement,app36,VS,0.4584776765863784,650,0.0,0,0,0.02,100,0,dropVS2,1000,1,280313.84,40
occupancymanagement,app37,VS,0.452567378692257,650,0.0,0,0,0.02,100,0,dropVS2,1000,1,280313.84,40
printing,app11,TS,0.5129313382186766,650,0.0,0,0,0.02,100,0,dropVS2,1000,1,624394.2,40
printing,app12,TS,0.5145787846766312,650,0.0,0,0,0.02,100,0,dropVS2,1000,1,624394.2,40
printing,app13,TS,0.5098898986038891,650,0.0,0,0,0.02,100,0,dropVS2,1000,1,624394.2,40
printing,app2,AN,0.5169865910382392,650,0.0,0,0,0.02,100,0,dropVS2,1000,1,624394.2,40
printing,app4,AN,0.5121709783148805,650,0.0,0,0,0.02,100,0,dropVS2,1000,1,624394.2,40
smartthings,app11,TS,0.5017836791589306,650,0.0,0,0,0.02,100,0,dropVS2,1000,1,205264.41,40
smartthings,app14,TS,0.4934569543372014,650,0.0,0,0,0.02,100,0,dropVS2,1000,1,205264.41,40
smartthings,app1,AN,0.4990081042182698,650,0.0,0,0,0.02,100,0,dropVS2,1000,1,205264.41,40
smartthings,app21,RT,0.4819581438693238,650,0.0,0,0,0.02,100,0,dropVS2,1000,1,205264.41,40
smartthings,app3,AN,0.4950429971603966,650,0.0,0,0,0.02,100,0,dropVS2,1000,1,205264.41,40
videosurveillance,app26,RT,0.5536923730611966,650,0.0,0,0,0.02,100,0,dropVS2,1000,1,14310092.37,40
videosurveillance,app2,AN,0.5486367989408625,650,0.0,0,0,0.02,100,0,dropVS2,1000,1,14310092.37,40
videosurveillance,app36,VS,0.5548969416528083,650,0.0,0,0,0.02,100,0,dropVS2,1000,1,14310092.37,40
videosurveillance,app37,VS,0.5604634759113983,650,0.0,0,0,0.02,100,0,dropVS2,1000,1,14310092.37,40
videosurveillance,app38,VS,0.5592571500215532,650,0.0,0,0,0.02,100,0,dropVS2,1000,1,14310092.37,40
videosurveillance,app4,AN,0.5517183054621321,650,0.0,0,0,0.02,100,0,dropVS2,1000,1,14310092.37,40
amazonecho,app14,TS,0.5944114386810317,650,0.0,0,0,0.0,100,1,prioAN,1000,1,105869.28,40
amazonecho,app21,RT,0.5639742499705918,650,0.0,0,0,0.0,100,1,prioAN,1000,1,105869.28,40
amazonecho,app3,AN,0.1433876423380329,650,0.0,0,0,0.0,100,0,prioAN,1000,1,105869.28,40
bms,app12,TS,0.6334393760867395,650,0.0,0,0,0.0,100,1,prioAN,1000,1,16091324.56,40
bms,app1,AN,0.1681196263959856,650,0.0,0,0,0.0,100,0,prioAN,1000,1,16091324.56,40
bms,app21,RT,0.6338438327412176,650,0.0,0,0,0.0,100,1,prioAN,1000,1,16091324.56,40
bms,app2,AN,0.1679793106742716,650,0.0,0,0,0.0,100,0,prioAN,1000,1,16091324.56,40
energymanagement,app1,AN,0.2013025855878106,650,0.0,0,0,0.0,100,0,prioAN,1000,1,3324693.6,40
energymanagement,app24,RT,0.6598751862388308,650,0.0,0,0,0.0,100,1,prioAN,1000,1,3324693.6,40
energymanagement,app2,AN,0.2015002606383686,650,0.0,0,0,0.0,100,0,prioAN,1000,1,3324693.6,40
energymanagement,app3,AN,0.1986585114578401,650,0.0,0,0,0.0,100,0,prioAN,1000,1,3324693.6,40
firedetection,app1,AN,0.1371907594033682,650,0.0,0,0,0.0,100,0,prioAN,1000,1,191693.0,40
firedetection,app22,RT,0.5739040461134077,650,0.0,0,0,0.0,100,1,prioAN,1000,1,191693.0,40
firedetection,app23,RT,0.5938341160430713,650,0.0,0,0,0.0,100,1,prioAN,1000,1,191693.0,40
firedetection,app25,RT,0.5693585915677462,650,0.0,0,0,0.0,100,1,prioAN,1000,1,191693.0,40
intrusiondetection,app21,RT,0.6396948332781641,650,0.0,0,0,0.0,100,1,prioAN,1000,1,47583046.2,40
intrusiondetection,app2,AN,0.1391848099296561,650,0.0,0,0,0.0,100,0,prioAN,1000,1,47583046.2,40
intrusiondetection,app36,VS,0.639961235712306,650,0.0,0,0,0.0,100,1,prioAN,1000,1,47583046.2,40
intrusiondetection,app40,VS,0.6399260603844004,650,0.0,0,0,0.0,100,1,prioAN,1000,1,47583046.2,40
intrusiondetection,app41,VS,0.6418725547734154,650,0.0,0,0,0.0,100,1,prioAN,1000,1,47583046.2,40
occupancymanagement,app12,TS,0.5020857434824209,650,0.0,0,0,0.0,100,1,prioAN,1000,1,280313.84,40
occupancymanagement,app21,RT,0.5036198219395649,650,0.0,0,0,0.0,100,1,prioAN,1000,1,280313.84,40
occupancymanagement,app36,VS,0.4998942028292576,650,0.0,0,0,0.0,100,1,prioAN,1000,1,280313.84,40
occupancymanagement,app37,VS,0.5193989146415088,650,0.0,0,0,0.0,100,1,prioAN,1000,1,280313.84,40
printing,app11,TS,0.6751602541463891,650,0.0,0,0,0.0,100,1,prioAN,1000,1,624394.2,40
printing,app12,TS,0.6683101699240718,650,0.0,0,0,0.0,100,1,prioAN,1000,1,624394.2,40
printing,app13,TS,0.6750479576837646,650,0.0,0,0,0.0,100,1,prioAN,1000,1,624394.2,40
printing,app2,AN,0.1731950660545765,650,0.0,0,0,0.0,100,0,prioAN,1000,1,624394.2,40
printing,app4,AN,0.1742057342185383,650,0.0,0,0,0.0,100,0,prioAN,1000,1,624394.2,40
smartthings,app11,TS,0.7234784168470662,650,0.0,0,0,0.0,100,1,prioAN,1000,1,205264.41,40
smartthings,app14,TS,0.7124456249377895,650,0.0,0,0,0.0,100,1,prioAN,1000,1,205264.41,40
smartthings,app1,AN,0.1739840864814298,650,0.0,0,0,0.0,100,0,prioAN,1000,1,205264.41,40
smartthings,app21,RT,0.7078486283090897,650,0.0,0,0,0.0,100,1,prioAN,1000,1,205264.41,40
smartthings,app3,AN,0.1687741569687655,650,0.0,0,0,0.0,100,0,prioAN,1000,1,205264.41,40
videosurveillance,app26,RT,0.7287818541312069,650,0.0,0,0,0.0,100,1,prioAN,1000,1,14310092.37,40
videosurveillance,app2,AN,0.1741459157823253,650,0.0,0,0,0.0,100,0,prioAN,1000,1,14310092.37,40
videosurveillance,app36,VS,0.730176801802562,650,0.0,0,0,0.0,100,1,prioAN,1000,1,14310092.37,40
videosurveillance,app37,VS,0.7295600806855603,650,0.0,0,0,0.0,100,1,prioAN,1000,1,14310092.37,40
videosurveillance,app38,VS,0.7305289351751445,650,0.0,0,0,0.0,100,1,prioAN,1000,1,14310092.37,40
videosurveillance,app4,AN,0.1734076623215299,650,0.0,0,0,0.0,100,0,prioAN,1000,1,14310092.37,40
amazonecho,app14,TS,,650,0.05,0,0,0.02,100,2,plannerConfiguration,1000,1,105869.28,40
amazonecho,app21,RT,,650,0.05,0,0,0.02,100,0,plannerConfiguration,1000,1,105869.28,40
amazonecho,app3,AN,,650,0.05,0,0,0.02,100,2,plannerConfiguration,1000,1,105869.28,40
bms,app12,TS,,650,0.05,0,0,0.02,100,2,plannerConfiguration,1000,1,16091324.56,40
bms,app1,AN,,650,0.05,0,0,0.02,100,2,plannerConfiguration,1000,1,16091324.56,40
bms,app21,RT,,650,0.05,0,0,0.02,100,0,plannerConfiguration,1000,1,16091324.56,40
bms,app2,AN,,650,0.05,0,0,0.02,100,2,plannerConfiguration,1000,1,16091324.56,40
energymanagement,app1,AN,,650,0.05,0,0,0.02,100,2,plannerConfiguration,1000,1,3324693.6,40
energymanagement,app24,RT,,650,0.05,0,0,0.02,100,0,plannerConfiguration,1000,1,3324693.6,40
energymanagement,app2,AN,,650,0.05,0,0,0.02,100,2,plannerConfiguration,1000,1,3324693.6,40
energymanagement,app3,AN,,650,0.05,0,0,0.02,100,2,plannerConfiguration,1000,1,3324693.6,40
firedetection,app1,AN,,650,0.05,0,0,0.02,100,2,plannerConfiguration,1000,1,191693.0,40
firedetection,app22,RT,,650,0.05,0,0,0.02,100,0,plannerConfiguration,1000,1,191693.0,40
firedetection,app23,RT,,650,0.05,0,0,0.02,100,0,plannerConfiguration,1000,1,191693.0,40
firedetection,app25,RT,,650,0.05,0,0,0.02,100,0,plannerConfiguration,1000,1,191693.0,40
intrusiondetection,app21,RT,,650,0.05,0,0,0.02,100,0,plannerConfiguration,1000,1,47583046.2,40
intrusiondetection,app2,AN,,650,0.05,0,0,0.02,100,2,plannerConfiguration,1000,1,47583046.2,40
intrusiondetection,app36,VS,,650,0.05,0,0,0.02,100,1,plannerConfiguration,1000,1,47583046.2,40
intrusiondetection,app40,VS,,650,0.05,0,0,0.02,100,1,plannerConfiguration,1000,1,47583046.2,40
intrusiondetection,app41,VS,,650,0.05,0,0,0.02,100,1,plannerConfiguration,1000,1,47583046.2,40
occupancymanagement,app12,TS,,650,0.05,0,0,0.02,100,2,plannerConfiguration,1000,1,280313.84,40
occupancymanagement,app21,RT,,650,0.05,0,0,0.02,100,0,plannerConfiguration,1000,1,280313.84,40
occupancymanagement,app36,VS,,650,0.05,0,0,0.02,100,1,plannerConfiguration,1000,1,280313.84,40
occupancymanagement,app37,VS,,650,0.05,0,0,0.02,100,1,plannerConfiguration,1000,1,280313.84,40
printing,app11,TS,,650,0.05,0,0,0.02,100,2,plannerConfiguration,1000,1,624394.2,40
printing,app12,TS,,650,0.05,0,0,0.02,100,2,plannerConfiguration,1000,1,624394.2,40
printing,app13,TS,,650,0.05,0,0,0.02,100,2,plannerConfiguration,1000,1,624394.2,40
printing,app2,AN,,650,0.05,0,0,0.02,100,2,plannerConfiguration,1000,1,624394.2,40
printing,app4,AN,,650,0.05,0,0,0.02,100,2,plannerConfiguration,1000,1,624394.2,40
smartthings,app11,TS,,650,0.05,0,0,0.02,100,2,plannerConfiguration,1000,1,205264.41,40
smartthings,app14,TS,,650,0.05,0,0,0.02,100,2,plannerConfiguration,1000,1,205264.41,40
smartthings,app1,AN,,650,0.05,0,0,0.02,100,2,plannerConfiguration,1000,1,205264.41,40
smartthings,app21,RT,,650,0.05,0,0,0.02,100,0,plannerConfiguration,1000,1,205264.41,40
smartthings,app3,AN,,650,0.05,0,0,0.02,100,2,plannerConfiguration,1000,1,205264.41,40
videosurveillance,app26,RT,,650,0.05,0,0,0.02,100,0,plannerConfiguration,1000,1,14310092.37,40
videosurveillance,app2,AN,,650,0.05,0,0,0.02,100,2,plannerConfiguration,1000,1,14310092.37,40
videosurveillance,app36,VS,,650,0.05,0,0,0.02,100,1,plannerConfiguration,1000,1,14310092.37,40
videosurveillance,app37,VS,,650,0.05,0,0,0.02,100,1,plannerConfiguration,1000,1,14310092.37,40
videosurveillance,app38,VS,,650,0.05,0,0,0.02,100,1,plannerConfiguration,1000,1,14310092.37,40
videosurveillance,app4,AN,,650,0.05,0,0,0.02,100,2,plannerConfiguration,1000,1,14310092.37,40
